config,iteration,loss_tr_sgd,loss_tr_sgd_std,loss_val_batch,loss_val_batch_std,loss_val,loss_val_std,zero_one_loss_val,zero_one_loss_val_std,loss_te,loss_te_std,zero_one_loss_te,zero_one_loss_te_std,gap,gap_std,zero_one_gap,zero_one_gap_std
SSGD_T1_m1500_K5000,0,1.1483479976654052,0.019770694411593324,2.271292304992676,0.06896485612724954,2.3001307010650636,0.012931320362611739,0.8879999995231629,0.018022218586456966,2.299725580215454,0.013956646793936028,0.8874000072479248,0.013734624879412198,-0.000405120849609375,0.0048423232668851155,-0.0005999922752380372,0.016728435161320016
SSGD_T1_m1500_K5000,50,1.144404983520508,0.007421539953660022,2.2556228637695312,0.012992332044302134,2.2514077186584474,0.014016476720213583,0.7732000112533569,0.037150502213054194,2.250545310974121,0.015205768409349932,0.7662000060081482,0.04717372604979042,-0.0008624076843261718,0.0030812654664251673,-0.007000005245208741,0.014212670269354978
SSGD_T1_m1500_K5000,100,1.1356679916381835,0.02475387171035356,2.214856481552124,0.04519097759775226,2.204999303817749,0.012886744868376782,0.673199999332428,0.05841369467031476,2.20719256401062,0.013779173487090485,0.6830000042915344,0.05171074290454723,0.002193260192871094,0.0032373366292344397,0.009800004959106445,0.02462031320499067
SSGD_T1_m1500_K5000,150,1.1430803537368774,0.030717957595399987,2.154718828201294,0.029612407491529588,2.160367155075073,0.014284863140583566,0.5887999892234802,0.03697783482371063,2.164456272125244,0.015427149360598035,0.5949999928474426,0.027942805427795876,0.0040891170501708984,0.0027691894307141137,0.0062000036239624025,0.021113040546306243
SSGD_T1_m1500_K5000,200,1.0960598945617677,0.03532004923364448,2.1045420169830322,0.04034862297961882,2.1120172500610352,0.01428564770023392,0.4891999900341034,0.0529694226179171,2.1177652359008787,0.015373759146278568,0.4929999947547913,0.043735565825697695,0.00574798583984375,0.0032981516142125402,0.003800004720687866,0.026820890712357666
SSGD_T1_m1500_K5000,250,1.1026782035827636,0.02985091200833002,2.096956157684326,0.04806631201713606,2.066542053222656,0.013040946766331671,0.43199999928474425,0.04067431746545025,2.072478103637695,0.015640534337744982,0.4197999954223633,0.04031575336357588,0.005936050415039062,0.0035422309760919754,-0.012200003862380982,0.014824298706323376
SSGD_T1_m1500_K5000,300,1.0521096110343933,0.048346146918444986,1.9743341207504272,0.024289900580015473,2.0214585304260253,0.013345604242237708,0.41720000505447385,0.028805556120309998,2.0297107696533203,0.01594198656576094,0.4136000037193298,0.013335665776726655,0.008252239227294922,0.003782751939792506,-0.003600001335144043,0.021822926874008608
SSGD_T1_m1500_K5000,350,1.0711889505386352,0.042474496363815624,1.975191307067871,0.052095315609626026,1.9757625341415406,0.014712069600975413,0.36759999990463255,0.0320100014876023,1.9854873418807983,0.017128072326895602,0.3783999979496002,0.03841146302516597,0.009724807739257813,0.004089768170196002,0.010799998044967651,0.014579439811332697
SSGD_T1_m1500_K5000,400,1.0363729596138,0.060794338177541554,1.9570187330245972,0.10160199434824045,1.9354608058929443,0.015191055022003857,0.347599995136261,0.03437207997574267,1.9442511558532716,0.01871381791076686,0.35760000348091125,0.03839062846735378,0.008790349960327149,0.003613699209533547,0.010000008344650268,0.009818349423851094
SSGD_T1_m1500_K5000,450,1.059200942516327,0.09253664327787711,1.9568084239959718,0.1414709046534048,1.8963005065917968,0.015348399087173743,0.3212000012397766,0.024383599812253777,1.9069209814071655,0.017475268665841454,0.3290000021457672,0.019401034886985757,0.010620474815368652,0.002827482920488732,0.007800000905990601,0.009410631721376525
SSGD_T1_m1500_K5000,500,1.0087710976600648,0.05969161763239226,1.8506590366363525,0.08325389252149794,1.855580949783325,0.01323592472191928,0.302400004863739,0.019734233974940944,1.8679280281066895,0.015388532332833337,0.3087999939918518,0.01509172323263191,0.012347078323364258,0.0032878670867182535,0.006399989128112793,0.016716455606910475
SSGD_T1_m1500_K5000,550,1.02931889295578,0.100381394141574,1.8525808095932006,0.05794593023693444,1.8141405820846557,0.013089955101184146,0.2900000035762787,0.02315167283755884,1.8275126457214355,0.015147956724313304,0.29819999933242797,0.020720999746949437,0.013372063636779785,0.0033749641803533146,0.008199995756149292,0.01002796946281258
SSGD_T1_m1500_K5000,600,0.9923664212226868,0.07203455591794002,1.851479983329773,0.1643020643767413,1.77595694065094,0.015169120427443538,0.2800000011920929,0.017297401311323117,1.7889496088027954,0.018297217654730972,0.2855999946594238,0.013395527339466098,0.012992668151855468,0.004154916766204285,0.005599993467330933,0.017095029270765293
SSGD_T1_m1500_K5000,650,1.0365983486175536,0.06184060699785302,1.7335911989212036,0.12356534909580368,1.7410138845443726,0.014633055599286647,0.2828000009059906,0.012496403246879811,1.7548699617385863,0.01632350197409422,0.28700000047683716,0.011933139328120982,0.013856077194213867,0.0031533845220865302,0.004199999570846558,0.006584821587251826
SSGD_T1_m1500_K5000,700,1.0081822872161865,0.06206428315741061,1.6849066019058228,0.062303100542415335,1.7035874843597412,0.016279607024875808,0.27639999985694885,0.020761505750797132,1.7184240341186523,0.01953052997565769,0.2852000057697296,0.015917282958891336,0.014836549758911133,0.003797485986348609,0.008800005912780762,0.010186269872623287
SSGD_T1_m1500_K5000,750,0.9751830101013184,0.10458998485688922,1.7317352771759034,0.1394179135261361,1.67064688205719,0.010583313767202025,0.27680000066757204,0.012749905920243922,1.6887615442276,0.013855610913551504,0.28100000619888305,0.008049846964028377,0.018114662170410155,0.003630198279081691,0.004200005531311035,0.011973304803754903
SSGD_T1_m1500_K5000,800,0.9717087626457215,0.08541071714078753,1.5445180654525756,0.1093771248740215,1.6367354154586793,0.013424797497950183,0.26799999475479125,0.01414213393785711,1.655463194847107,0.015420257233988698,0.2802000045776367,0.016533601911285053,0.018727779388427734,0.002683592275396368,0.01220000982284546,0.0037629804184194197
SSGD_T1_m1500_K5000,850,0.9951537013053894,0.07654757324399165,1.5757429599761963,0.1138106300249681,1.6011199474334716,0.013309549402058416,0.2708000004291534,0.01916663223971315,1.6217916011810303,0.015185741070723407,0.27579999566078184,0.015535760071637058,0.020671653747558593,0.0019448853139153973,0.004999995231628418,0.007823034358934078
SSGD_T1_m1500_K5000,900,0.987812340259552,0.11320897054457985,1.5071940183639527,0.13152355038992858,1.5744494438171386,0.012810328069913732,0.26160000264644623,0.021666564985282775,1.5948952674865722,0.014814741696160467,0.26919999718666077,0.018755270375924084,0.020445823669433594,0.0029615541505510637,0.007599994540214539,0.009178224566052117
SSGD_T1_m1500_K5000,950,0.9421525359153747,0.09965930522451172,1.4920863151550292,0.05724352569461399,1.546300482749939,0.015778402533225593,0.2560000032186508,0.011242780746916169,1.565900206565857,0.017235426387805126,0.2603999972343445,0.015186837197116101,0.019599723815917968,0.002194022015676021,0.004399994015693664,0.012403220968532531
SSGD_T1_m1500_K5000,1000,0.9152734398841857,0.09739457797650873,1.599633550643921,0.11608486362236511,1.5199153184890748,0.009341192393050524,0.24760000109672547,0.006499224085351117,1.5407755613327025,0.01177156679075736,0.25399999916553495,0.008294575026531307,0.02086024284362793,0.004355419658050333,0.006399998068809509,0.007088024434197487
SSGD_T1_m1500_K5000,1050,1.0101006984710694,0.10068147930198948,1.4297302961349487,0.07208528664537882,1.4944228172302245,0.008869619218277627,0.24880000352859497,0.015367498749459649,1.514560604095459,0.011750068333773357,0.25320000648498536,0.008634817641542412,0.020137786865234375,0.004087938879834344,0.004400002956390381,0.011516945590485427
SSGD_T1_m1500_K5000,1100,1.0336607575416565,0.12629886688478992,1.4301883935928346,0.1083132085806105,1.4720053195953369,0.007907555161902252,0.24399999976158143,0.013446191033538718,1.4936277627944947,0.012154472793072132,0.26019999384880066,0.007110556867017473,0.021622443199157716,0.00601163318318124,0.016199994087219238,0.010925198253343323
SSGD_T1_m1500_K5000,1150,0.9021975040435791,0.10288058020858132,1.5751208782196044,0.11927809369329807,1.45062153339386,0.0080958322651239,0.2380000025033951,0.014422205812704935,1.4732802391052247,0.012488943526324153,0.24959999918937684,0.009372296981753384,0.022658705711364746,0.005127021361109623,0.01159999668598175,0.012419341984675347
SSGD_T1_m1500_K5000,1200,0.8537028789520263,0.14870394829720698,1.320029878616333,0.07080312326604524,1.4271282434463501,0.006625164772025456,0.24199999868869781,0.011313708772940146,1.4511951446533202,0.009632337408593934,0.24399999976158143,0.007266364911870812,0.024066901206970213,0.005068084735304639,0.002000001072883606,0.008099382916247528
SSGD_T1_m1500_K5000,1250,0.9041221976280213,0.05826037089115025,1.4544379711151123,0.19665221556184953,1.4040163516998292,0.01086316534664411,0.23839999735355377,0.005571355475202873,1.4281112670898437,0.012612344768096763,0.23699999749660491,0.005549774740133957,0.024094915390014647,0.0025720885013152434,-0.0013999998569488525,0.009090657031863765
SSGD_T1_m1500_K5000,1300,0.9729824066162109,0.14901501745244486,1.3335919499397277,0.2787717495858181,1.3873842239379883,0.011220660965447361,0.24760000109672547,0.005122498600571771,1.41275794506073,0.012784008188239947,0.24280000030994414,0.010107420499321068,0.0253737211227417,0.0033866681171372754,-0.004800000786781311,0.011788124792021175
SSGD_T1_m1500_K5000,1350,1.0183370590209961,0.07294590234921706,1.2563374996185304,0.12027176965570494,1.3713443756103516,0.00966940639820391,0.2320000022649765,0.009465726685757233,1.3980045318603516,0.012332151835543157,0.23939999639987947,0.009604165863126167,0.02666015625,0.0034352203309334713,0.007399994134902954,0.008731554589935988
SSGD_T1_m1500_K5000,1400,0.8893847465515137,0.12196821195927271,1.33719801902771,0.07411289690249939,1.3533469676971435,0.0076720297779623945,0.2272000014781952,0.006273756549936372,1.3787677049636842,0.00885508983624002,0.23420000076293945,0.0040199486091556215,0.025420737266540528,0.003856075667656325,0.006999999284744263,0.0033466468882963223
SSGD_T1_m1500_K5000,1450,0.9324801802635193,0.1588514589150795,1.3300808906555175,0.12315112169711817,1.339842438697815,0.008010496376948478,0.2335999995470047,0.013230273604012773,1.3639848232269287,0.007720921571754427,0.2320000022649765,0.0025298201867250646,0.02414238452911377,0.0013549743744466366,-0.0015999972820281982,0.013850637919407013
SSGD_T1_m1500_K5000,1500,0.9215529561042786,0.1720501460415869,1.2939133405685426,0.1167709075641353,1.3228809356689453,0.011930049052022393,0.23319999873638153,0.006764613773462132,1.3486575126647948,0.010446916307184365,0.23580000102519988,0.006705219433499804,0.02577657699584961,0.0042010999110424115,0.0026000022888183595,0.004799998924136957
SSGD_T1_m1500_K5000,1550,0.913888132572174,0.15532367117595464,1.355782723426819,0.13339712877185245,1.3127473592758179,0.007540714647270065,0.22680000066757203,0.0034871152822874996,1.3378031492233275,0.008537454509217585,0.23579999804496765,0.004955803775784209,0.025055789947509767,0.004326933391898302,0.00899999737739563,0.006099177974284439
SSGD_T1_m1500_K5000,1600,0.8135607361793518,0.08604438397372507,1.296801781654358,0.07917546918221981,1.3034905910491943,0.013645014851329098,0.23039999902248381,0.008138797387038356,1.3300014019012452,0.012421090263196728,0.2387999951839447,0.009516299541851094,0.02651081085205078,0.004316069934746446,0.008399996161460876,0.0029393883759264577
SSGD_T1_m1500_K5000,1650,0.9154919862747193,0.15705755464237983,1.2276838779449464,0.150090105333381,1.286340355873108,0.010391068996599423,0.21680000126361848,0.00934665620140328,1.3151053190231323,0.007945939203152909,0.23140000104904174,0.006406244954177807,0.028764963150024414,0.0028978088430457348,0.01459999978542328,0.009604164746024282
SSGD_T1_m1500_K5000,1700,0.9211512565612793,0.17771982571870398,1.1884873628616333,0.18003771132645582,1.273087239265442,0.005525776395263122,0.21999999582767488,0.007899365717136115,1.304781699180603,0.007946730404095248,0.22999999821186065,0.007238784276835465,0.031694459915161136,0.003138584886774354,0.010000002384185792,0.009186948687043396
SSGD_T1_m1500_K5000,1750,0.8093977332115173,0.08699920214304717,1.2870151281356812,0.11565508697537435,1.2624907493591309,0.009964586350901476,0.2264000028371811,0.01514728037089363,1.2931838989257813,0.010351852139135658,0.225,0.006899278075006205,0.03069314956665039,0.0024541410527157844,-0.0014000028371810914,0.01224092008475411
SSGD_T1_m1500_K5000,1800,0.9583257555961608,0.05752721760353313,1.3664473056793214,0.17524099355999836,1.2517837285995483,0.0071477428953937204,0.2255999982357025,0.00966643922658875,1.2835018396377564,0.009776734368486747,0.22939999997615815,0.0031368784649818894,0.031718111038208006,0.003168937453376185,0.0038000017404556273,0.011052604380463418
SSGD_T1_m1500_K5000,1850,0.9255016446113586,0.06600641722053921,1.2071205377578735,0.13814891039430882,1.2403157472610473,0.00825624855221422,0.22279999852180482,0.0103227914928218,1.2711434602737426,0.008246958251210055,0.22339999675750732,0.005462599835914131,0.030827713012695313,0.002180221831922098,0.0005999982357025146,0.007391886943161155
SSGD_T1_m1500_K5000,1900,0.9639537572860718,0.20062135367606154,1.2389150381088256,0.14160300415639446,1.2339190244674683,0.01011025718708131,0.21720000207424164,0.006645297488750649,1.2669752836227417,0.010172499154876155,0.2262000024318695,0.0024819332748280696,0.03305625915527344,0.0019577135245244528,0.00900000035762787,0.005549775277133997
SSGD_T1_m1500_K5000,1950,0.913398289680481,0.18634037784546129,1.2743085861206054,0.15439244433595434,1.2312683820724488,0.010288446325813877,0.22240000069141388,0.0055713529075850695,1.2622762203216553,0.010251229189266691,0.22460000216960907,0.0028705387763486327,0.031007838249206544,0.002837116976622613,0.0022000014781951905,0.004166531904079245
SSGD_T1_m1500_K5000,2000,0.9987290382385254,0.07149628265854588,1.2137433290481567,0.3008416994294161,1.2235307931900024,0.008652003361940032,0.21960000097751617,0.006974241503968653,1.2547511100769042,0.007496122459293396,0.2229999989271164,0.004335899278629448,0.031220316886901855,0.0021308967914898144,0.0033999979496002197,0.009393619676045318
SSGD_T1_m1500_K5000,2050,0.9193197250366211,0.18749540916198773,1.2511329770088195,0.20603301524466233,1.217950129508972,0.003567413868571176,0.21679999828338622,0.010552721977728342,1.251386785507202,0.004403681887991543,0.22520000040531157,0.005775808682321316,0.03343665599822998,0.0018669496077817337,0.008400002121925354,0.007863838667085038
SSGD_T1_m1500_K5000,2100,0.8711211800575256,0.14948728228186856,1.129060411453247,0.14935637595843995,1.206023597717285,0.006535216844195815,0.22159999907016753,0.0067409226919070185,1.2401238918304442,0.0070374772096036455,0.22639999985694886,0.005607139891018145,0.03410029411315918,0.0008643020261187602,0.004800000786781311,0.0029257469739563608
SSGD_T1_m1500_K5000,2150,0.9409340262413025,0.14322917710741487,1.2701637029647828,0.2545049397843108,1.204770851135254,0.006600531116495977,0.22199999988079072,0.01391402120096843,1.2393880128860473,0.00615208678044686,0.21959999799728394,0.005607136383070684,0.034617161750793456,0.0007398288915925472,-0.002400001883506775,0.0160074976180514
SSGD_T1_m1500_K5000,2200,0.8975003957748413,0.11277743763485036,1.1388049125671387,0.063342503203841,1.195682454109192,0.0063705043973492715,0.21879999935626984,0.010628264208059084,1.229403805732727,0.007403854392503924,0.21679999828338622,0.0027856773096673272,0.03372135162353516,0.002148542751424726,-0.002000001072883606,0.011153472013839743
SSGD_T1_m1500_K5000,2250,1.0090028405189515,0.17812216004776024,1.2352434873580933,0.15987741630102098,1.1882214307785035,0.00861066109123321,0.2083999991416931,0.003199999779464115,1.2220507860183716,0.007520627130668818,0.2157999962568283,0.0019390688026968378,0.033829355239868165,0.0031552692555985827,0.007399997115135193,0.0036110917616810094
SSGD_T1_m1500_K5000,2300,1.0618044257164,0.1747917319164847,1.060146450996399,0.10374138064948521,1.1844910860061646,0.011085173289893425,0.20600000023841858,0.0070427249369052385,1.2210439920425415,0.011166941000126628,0.2214000016450882,0.0026533052093501153,0.03655290603637695,0.0020063013727094846,0.015400001406669616,0.00941488540585958
SSGD_T1_m1500_K5000,2350,0.9231397628784179,0.14902989090031643,1.1685014247894288,0.11326649237056814,1.1836592197418212,0.011770423336205888,0.21399999856948854,0.008671793745880636,1.2216657400131226,0.010818957278683148,0.22540000081062317,0.00392937327894171,0.03800652027130127,0.0028026852364488185,0.011400002241134643,0.008014982796984533
SSGD_T1_m1500_K5000,2400,0.940164852142334,0.11855998989497747,1.3301304817199706,0.09919763396765079,1.1782705545425416,0.005026163904750519,0.22159999907016753,0.007939774973297111,1.2158998250961304,0.005109799403811488,0.22119999825954437,0.004261452736949346,0.03762927055358887,0.0011769036143246807,-0.0004000008106231689,0.0074458060684805235
SSGD_T1_m1500_K5000,2450,0.9145869731903076,0.21342530929044495,1.2215345859527589,0.1666596171999813,1.1678761959075927,0.004100811379992285,0.2060000032186508,0.00979796179381866,1.2025854110717773,0.0020932567472616405,0.21699999868869782,0.00209761484343487,0.03470921516418457,0.0025700478154344463,0.010999995470046996,0.008648703067773994
SSGD_T1_m1500_K5000,2500,0.8520718693733216,0.1868021072134974,1.135521686077118,0.14435377439058705,1.1625022172927857,0.006333942979030419,0.20679999589920045,0.00411824853417578,1.198108434677124,0.0049347834150971865,0.21400000154972076,0.0036331787646673892,0.035606217384338376,0.0020897555032339315,0.007200005650520325,0.0034292809442282328
SSGD_T1_m1500_K5000,2550,0.9623289942741394,0.2003431189347257,1.0385475039482117,0.08214161879741508,1.1585991859436036,0.005621327174337929,0.2136000007390976,0.003440928418939208,1.1972303628921508,0.0034382739111752207,0.2194000005722046,0.003929379649913917,0.03863117694854736,0.0022912119744649645,0.005799999833106995,0.0031874802667430637
SSGD_T1_m1500_K5000,2600,0.8008453488349915,0.1122682049462784,1.2733213305473328,0.2072547160471278,1.1549510717391969,0.004101384458996557,0.21319999992847444,0.007547187564294415,1.1916480302810668,0.005959758557669694,0.2137999951839447,0.0035440091477360507,0.03669695854187012,0.0021670269070478984,0.0005999952554702759,0.006590901799041397
SSGD_T1_m1500_K5000,2650,0.9493422150611878,0.13044391077200468,1.0244953274726867,0.15732819174348597,1.1531850337982177,0.004236693365086829,0.20719999969005584,0.00627375673994937,1.1910862684249879,0.003993122212410709,0.21699999570846557,0.004381778457704418,0.03790123462677002,0.002094045843060567,0.009799996018409729,0.004118254902424793
SSGD_T1_m1500_K5000,2700,0.9001185774803162,0.12393832478795502,1.0276509523391724,0.16780522679444856,1.1493797540664672,0.007930845106057701,0.20880000293254852,0.00722218814502745,1.1867230653762817,0.0068865489346490736,0.21440000236034393,0.003611092256856762,0.037343311309814456,0.0031951787191964176,0.00559999942779541,0.008546344619837337
SSGD_T1_m1500_K5000,2750,0.904329490661621,0.11687951886275269,1.0456406474113464,0.17976350294863885,1.1456506729125977,0.004488772230052826,0.20080000162124634,0.006273753699747784,1.1838797807693482,0.005392915968227635,0.21559999585151673,0.0027276350929534322,0.03822910785675049,0.0038863140867789526,0.014799994230270386,0.005635601225515646
SSGD_T1_m1500_K5000,2800,0.7719925761222839,0.09536854862838563,1.1528013229370118,0.11877641273534775,1.143305206298828,0.007871569287900268,0.21279999911785125,0.01163443064465077,1.1827428817749024,0.011078960745974552,0.2201999992132187,0.004308131583389704,0.03943767547607422,0.005187760423466937,0.007400000095367431,0.012387090375962457
SSGD_T1_m1500_K5000,2850,0.796638011932373,0.13531752076227718,1.221725869178772,0.3059903710437006,1.1384491205215455,0.0038083203798496825,0.20799999833106994,0.009465726685757233,1.1781765699386597,0.008411532421113886,0.21739999949932098,0.005535341020192437,0.03972744941711426,0.005632660756750056,0.009400001168251038,0.007812811865724979
SSGD_T1_m1500_K5000,2900,0.8067034602165222,0.1065944418310729,1.1395463943481445,0.08941671267674176,1.1353738069534303,0.00804849065548064,0.20400000214576722,0.007694154498502283,1.174923586845398,0.00829075044495622,0.2179999977350235,0.0014142122136802232,0.03954977989196777,0.0035114698134711205,0.013999995589256287,0.007720103444042202
SSGD_T1_m1500_K5000,2950,0.8364480972290039,0.06913023154515695,1.1510613203048705,0.10468859210055519,1.1379191875457764,0.0047182017924230985,0.20640000104904174,0.008039900480290265,1.1784353494644164,0.006318501897079668,0.21220000088214874,0.00519230207052372,0.04051616191864014,0.00372394508060444,0.005799999833106995,0.006554390304430719
SSGD_T1_m1500_K5000,3000,0.9260770916938782,0.06039173572636823,1.142074704170227,0.11508556097508582,1.1317959070205688,0.007062373166999959,0.20999999940395356,0.007042729168550224,1.17292640209198,0.0085069443330068,0.21259999573230742,0.006019967887831008,0.04113049507141113,0.0032164155621260205,0.0025999963283538817,0.0043174083375734
SSGD_T1_m1500_K5000,3050,0.7084126830101013,0.1643451193522681,1.0860718369483948,0.26135272019828465,1.1282452583312987,0.010734478284777383,0.20960000157356262,0.004079217448454493,1.1697154283523559,0.011615497890495326,0.21739999949932098,0.007657676695262803,0.04147017002105713,0.0018970641952834471,0.007799997925758362,0.005912696472196448
SSGD_T1_m1500_K5000,3100,0.8946617245674133,0.3005977605624074,1.1192615509033204,0.07487107554216786,1.1250689268112182,0.014091411812673118,0.2068000018596649,0.00722218698961014,1.1656226634979248,0.01563384029507922,0.21579999923706056,0.005912698891584176,0.040553736686706546,0.002207077280169151,0.00899999737739563,0.003521358659971704
SSGD_T1_m1500_K5000,3150,0.848966097831726,0.15117030303336737,1.2172369241714478,0.12601851371476425,1.1181329250335694,0.007015593147758614,0.20719999969005584,0.004308130338206774,1.1589783906936646,0.00815249081821319,0.2091999977827072,0.003059410699747505,0.04084546566009521,0.0018809587736079078,0.0019999980926513673,0.0036331820457968737
SSGD_T1_m1500_K5000,3200,0.7934133172035217,0.11550999439497678,1.0939946174621582,0.19231662477644176,1.1187290668487548,0.004383257411103077,0.20800000429153442,0.007266362451024671,1.1617078542709351,0.006306093789381828,0.21319999694824218,0.008611620274254146,0.04297878742218018,0.002135640824793024,0.005199992656707763,0.009239048939202688
SSGD_T1_m1500_K5000,3250,0.926828145980835,0.1365070655791602,1.1510131120681764,0.16211289661849593,1.1195133209228516,0.005466008646255504,0.20559999942779542,0.006118823152910873,1.1617903232574462,0.004529272595302793,0.21639999747276306,0.003611094072513725,0.04227700233459473,0.002346026317584453,0.010799998044967651,0.006431172465904871
SSGD_T1_m1500_K5000,3300,0.7381108522415161,0.12009771118650692,1.0981444358825683,0.18882963903488328,1.1217319011688232,0.005065781610854621,0.2072000026702881,0.008541658977475181,1.1626944065093994,0.005305194390255308,0.21439999639987944,0.0031999997794641155,0.040962505340576175,0.0007009516792224523,0.00719999372959137,0.009558239873736758
SSGD_T1_m1500_K5000,3350,0.8528282165527343,0.06304575934373079,1.220199418067932,0.16188266100718965,1.1129100799560547,0.00912176100466463,0.2080000013113022,0.006693276856814355,1.1573277711868286,0.008072414160587106,0.2176000028848648,0.005607138083893105,0.04441769123077392,0.0014985232362950873,0.009600001573562621,0.008957676994115427
SSGD_T1_m1500_K5000,3400,0.9361286401748657,0.19922554160456077,1.0898282051086425,0.07651663328696626,1.1111323356628418,0.006574877550975535,0.20519999563694,0.0044899868123432635,1.1548168420791627,0.0054489658160791175,0.21859999895095825,0.0043174101323096,0.0436845064163208,0.0021279457874556363,0.01340000331401825,0.00739188799141629
SSGD_T1_m1500_K5000,3450,0.949367904663086,0.08940797332004087,1.120737898349762,0.265049980248429,1.1098241567611695,0.007585569253266165,0.20679999887943268,0.005741080667335632,1.1534255027770997,0.006568689098357485,0.21520000100135803,0.005635601542808153,0.04360134601593017,0.0020702171988183178,0.008400002121925354,0.004223741803372161
SSGD_T1_m1500_K5000,3500,0.8487351655960083,0.17533779924164938,1.0791812181472777,0.16904549548320258,1.1048658847808839,0.0034795721017447656,0.20439999997615815,0.0034409263402687463,1.1481065511703492,0.003742189473922851,0.21040000021457672,0.003440931190499591,0.04324066638946533,0.0030291840655588737,0.006000000238418579,0.005366564025650018
SSGD_T1_m1500_K5000,3550,0.934153950214386,0.16949787762450347,1.1284603595733642,0.15934176200327546,1.1116529703140259,0.006406130215066762,0.207600000500679,0.0062482017188349795,1.1519734859466553,0.0059530748794473405,0.2164000004529953,0.006529929624270123,0.040320515632629395,0.001827206740743795,0.008799999952316284,0.008518219323539154
SSGD_T1_m1500_K5000,3600,0.8104365468025208,0.06414030561672347,1.0862622141838074,0.1983236571161663,1.101039981842041,0.007514319516554087,0.2015999972820282,0.004963867990576284,1.1458191633224488,0.006008738157375024,0.2101999968290329,0.0038157589150824,0.044779181480407715,0.004549338851232014,0.008599999547004699,0.005199999419542529
SSGD_T1_m1500_K5000,3650,0.9686576724052429,0.18442764798261238,1.0277735471725464,0.3181524911230793,1.1030631065368652,0.00717563024191747,0.20400000214576722,0.00357770935043307,1.1470536231994628,0.006779338033935423,0.21240000128746034,0.0027276359670371265,0.04399051666259766,0.002690605932301853,0.008399999141693116,0.002727636841123797
SSGD_T1_m1500_K5000,3700,0.8107007622718811,0.12077361084842037,1.1155179977416991,0.16527488667709225,1.102764081954956,0.003215784805415311,0.20479999780654906,0.007222189465505907,1.1472036600112916,0.004669746865353798,0.2151999980211258,0.006112283595961232,0.04443957805633545,0.0019063701763398122,0.01040000021457672,0.005953150876607872
SSGD_T1_m1500_K5000,3750,0.9207292079925538,0.2205093586989412,1.043334710597992,0.24048919837800933,1.098152494430542,0.006318137841420747,0.20639999806880951,0.008333066526211543,1.1425406217575074,0.005016705842717643,0.21459999680519104,0.003826226193723482,0.04438812732696533,0.0025156631440359256,0.00819999873638153,0.0055641680190334965
SSGD_T1_m1500_K5000,3800,0.7810750842094422,0.13069636605565121,1.1399951577186584,0.12525349242873093,1.095057225227356,0.004906719532984177,0.20480000078678132,0.0053065998604589475,1.1412704706192016,0.006667030274804373,0.21539999544620514,0.006499232064146787,0.0462132453918457,0.0029949464843083253,0.010599994659423828,0.003979952871870506
SSGD_T1_m1500_K5000,3850,0.9376454472541809,0.15275855698975088,1.1313317894935608,0.16255140354322836,1.0937134504318238,0.006215059026632511,0.2027999997138977,0.006523804098279424,1.1398727416992187,0.007084631573848157,0.21500000059604646,0.005329165771502417,0.04615929126739502,0.0021183198254357835,0.012200000882148742,0.007573639516496985
SSGD_T1_m1500_K5000,3900,0.8612666487693786,0.14171422669315678,1.0975370526313781,0.12827690245756182,1.0986172437667847,0.005957357589945874,0.21279999911785125,0.005153637212742017,1.143320894241333,0.007007018116592119,0.21480000019073486,0.0062417971408541195,0.04470365047454834,0.0033408453701399975,0.002000001072883606,0.0038470760872456764
SSGD_T1_m1500_K5000,3950,0.8621891021728516,0.15465784677854352,1.2675973892211914,0.22568308043858462,1.0933543682098388,0.008020832218854355,0.20320000350475312,0.007222187979968549,1.1401262283325195,0.010354493710647348,0.2151999980211258,0.004019951278050117,0.04677186012268066,0.002932877878170576,0.01199999451637268,0.004098779887574512
SSGD_T1_m1500_K5000,4000,0.7826280713081359,0.10844783012022605,1.0329538941383363,0.06479734727876411,1.0928334236145019,0.004545293574056666,0.2020000010728836,0.006066297910649331,1.1373566389083862,0.004659977640318455,0.21479999721050264,0.005670978997869895,0.044523215293884276,0.002036723917125828,0.012799996137619018,0.009724195491199303
SSGD_T1_m1500_K5000,4050,0.7784537374973297,0.20905006441195467,1.1849902629852296,0.2513272553020271,1.0901382446289063,0.00729898197260469,0.20039999783039092,0.005986652401877452,1.1352567195892334,0.004214095299255942,0.2182000011205673,0.0045343166302894925,0.04511847496032715,0.0032606379974002768,0.01780000329017639,0.00808455916093175
SSGD_T1_m1500_K5000,4100,0.9199495553970337,0.0828619352103819,1.188370406627655,0.1627939015367929,1.0929774522781373,0.0035674652732602743,0.20520000159740448,0.0037094443105085604,1.1391142845153808,0.004453213738497301,0.2164000004529953,0.0033823074154065787,0.04613683223724365,0.0029778898288126826,0.01119999885559082,0.005706135344846984
SSGD_T1_m1500_K5000,4150,0.8134504795074463,0.1659502771526868,1.1034732699394225,0.13465442262680066,1.0836218357086183,0.0038584036624581884,0.20439999997615815,0.00783836618045066,1.1306571006774901,0.0063736507001880315,0.21299999952316284,0.008099380708498414,0.04703526496887207,0.0030413981454359864,0.008599999547004699,0.005782728969798415
SSGD_T1_m1500_K5000,4200,0.964115560054779,0.11496893248119686,1.0912603735923767,0.19832531802931516,1.0852098703384399,0.006353217707754304,0.2068000018596649,0.004664762024938375,1.1327778339385985,0.006649751015141446,0.2157999962568283,0.004118253455093886,0.04756796360015869,0.0018161083795790855,0.008999994397163391,0.006324556357012423
SSGD_T1_m1500_K5000,4250,0.7762930393218994,0.17668351544537708,1.0002564907073974,0.1964190966148837,1.085063886642456,0.0054765315900909065,0.20760000348091126,0.007525954500920015,1.1300854921340941,0.005631914623758846,0.21400000154972076,0.0017888580072168516,0.04502160549163818,0.00204648779208319,0.006399998068809509,0.00856971617968922
SSGD_T1_m1500_K5000,4300,0.8845055937767029,0.1328149620570272,1.1120017290115356,0.20125189461879828,1.0882415294647216,0.00735862245428928,0.20879999697208404,0.013422369146166109,1.1335164070129395,0.008600496758120052,0.21759999990463258,0.00402988969902862,0.045274877548217775,0.004338587834618238,0.008800002932548522,0.011788127219058043
SSGD_T1_m1500_K5000,4350,0.8831804990768433,0.22576278731909455,1.0284106016159058,0.19606434706756512,1.0818547248840331,0.003926305371333241,0.20240000188350676,0.004270833536041517,1.1278589725494386,0.0058315898286691375,0.21680000126361848,0.00453431137219272,0.04600424766540527,0.0028267883748909423,0.014399999380111694,0.0067111823083293625
SSGD_T1_m1500_K5000,4400,0.8207188963890075,0.16545972413510002,1.3794565200805664,0.13513297854497275,1.084634256362915,0.010060571531332479,0.207600000500679,0.004079213357153303,1.132324767112732,0.008107045291153447,0.21879999935626984,0.004621686536185721,0.047690510749816895,0.0030097882066133738,0.01119999885559082,0.0062417932256502605
SSGD_T1_m1500_K5000,4450,0.8327898144721985,0.16231782898492023,1.164941918849945,0.12506697516953638,1.0757259607315064,0.007965571346054709,0.20160000026226044,0.0038781449826925845,1.123775267601013,0.008058799975802935,0.21400000154972076,0.004242640153259844,0.048049306869506835,0.002049190791905352,0.012400001287460327,0.004223744766853169
SSGD_T1_m1500_K5000,4500,0.8586410760879517,0.17074919522667087,1.0793837785720826,0.2906372451333501,1.0819735527038574,0.004952795908018199,0.2083999991416931,0.004630333074287108,1.1299542427062987,0.00600005358198278,0.2197999984025955,0.006241794371562069,0.04798069000244141,0.0025860208837757987,0.011399999260902405,0.005748040380344057
SSGD_T1_m1500_K5000,4550,0.873469066619873,0.09117970015679497,1.0606841564178466,0.17656095606582506,1.0795843839645385,0.00593533502033774,0.2080000013113022,0.007042724090576694,1.126483678817749,0.007137144209550259,0.21780000030994415,0.004621686020317355,0.04689929485321045,0.002056649667855658,0.009799998998641968,0.009662294188231514
SSGD_T1_m1500_K5000,4600,0.7801677584648132,0.2186579419716889,1.2660104990005494,0.17268846901116092,1.0789284706115723,0.007565564882353052,0.20640000104904174,0.006118823152910872,1.1272379636764527,0.007284357063802697,0.21800000071525574,0.00536656291498251,0.048309493064880374,0.0018790690765221488,0.01159999966621399,0.008138796654690304
SSGD_T1_m1500_K5000,4650,0.8988588690757752,0.1922805470082422,1.1624200463294982,0.1419103775864426,1.079939866065979,0.006021412163951155,0.20640000104904174,0.004630335133908645,1.1287471055984497,0.007689719544901824,0.2189999997615814,0.0028284275883628976,0.0488072395324707,0.0020972529867272953,0.012599998712539673,0.006499229863100495
SSGD_T1_m1500_K5000,4700,0.9151541113853454,0.22419664557740276,1.1366327285766602,0.19696070957522724,1.0753644943237304,0.006949107102365815,0.20160000324249266,0.0026533002671961453,1.1242632389068603,0.005941412429039948,0.2194000005722046,0.0026533002671961453,0.048898744583129886,0.0024908842828157804,0.017799997329711915,0.004118253455093886
SSGD_T1_m1500_K5000,4750,0.7151112794876099,0.17998041137268134,1.098968267440796,0.09830843672448288,1.0709186792373657,0.0016218561382544663,0.20640000104904174,0.004630335133908645,1.1198002099990845,0.003749013225688595,0.21559999883174896,0.005276365846376919,0.04888153076171875,0.003273905976820428,0.009199997782707215,0.004664764836019978
SSGD_T1_m1500_K5000,4800,0.5860229074954987,0.158317940489189,1.076131522655487,0.0709740288700129,1.0739917993545531,0.002915312471696383,0.2072000026702881,0.00664529372158349,1.1215460062026978,0.00315327453083957,0.2199999988079071,0.006356099654139844,0.04755420684814453,0.0033637605086399543,0.012799996137619018,0.0023151656360677468
SSGD_T1_m1500_K5000,4850,0.7623329281806945,0.1792818263317055,1.117195439338684,0.3428707388826421,1.0721246242523192,0.00438823827660588,0.20719999969005584,0.0077562862767337655,1.1203625917434692,0.0028559788013944407,0.21959999799728394,0.004454212488001664,0.048237967491149905,0.002882386135433253,0.012399998307228089,0.005782728454429559
SSGD_T1_m1500_K5000,4900,0.855436360836029,0.206751097224189,1.0249588251113892,0.15337338516661625,1.073094129562378,0.004642304800865508,0.2095999985933304,0.0026532993686238376,1.121150803565979,0.003191668264289551,0.22060000002384186,0.005748045979902262,0.04805667400360107,0.0027501965006692846,0.011000001430511474,0.007924646871505047
SSGD_T1_m1500_K5000,4950,0.8992689371109008,0.1457581563390069,1.058651292324066,0.21740852836807434,1.076007080078125,0.006782767732615045,0.2056000053882599,0.007310266402069984,1.1247832298278808,0.005872593981502556,0.22179999947547913,0.007652449271861859,0.04877614974975586,0.0028942464493526567,0.016199994087219238,0.00917387492274664
SSGD_T1_m1500_K5000,4999,0.8292715907096863,0.15235099683560926,1.0873757600784302,0.19458930827518356,1.0669735431671143,0.003814847313939935,0.20160000026226044,0.003200000151993904,1.118271493911743,0.0025309340366843347,0.22240000069141388,0.0036110958881722345,0.05129795074462891,0.0017824715045556398,0.02080000042915344,0.004354313065964111
SSGD_T1_m12000_K5000,0,1.147561264038086,0.01592943625784933,2.3049089431762697,0.01977841375467446,2.304161310195923,0.013946048720298981,0.8929999947547913,0.01766916724928908,2.302071046829224,0.01415971463756737,0.8944000005722046,0.012595248807043716,-0.002090263366699219,0.004678082872394433,0.0014000058174133301,0.009446691054915746
SSGD_T1_m12000_K5000,50,1.1293030977249146,0.011689048675968176,2.2670119762420655,0.020999603330767225,2.255076217651367,0.017161191469040934,0.7760000109672547,0.06402108364691748,2.252919006347656,0.015073046414391535,0.7781999826431274,0.05554241374359339,-0.0021572113037109375,0.0035929895063691163,0.002199971675872803,0.015615999578793976
SSGD_T1_m12000_K5000,100,1.1195746183395385,0.017516500094992095,2.1891060352325438,0.02794760175461494,2.2068592071533204,0.020854697208066215,0.6389999866485596,0.07438078468330518,2.2021522521972656,0.018399741057255174,0.6304000020027161,0.07176797203354122,-0.004706954956054688,0.003241866330350446,-0.008599984645843505,0.011275628878883396
SSGD_T1_m12000_K5000,150,1.122680902481079,0.01386776748777852,2.1722700595855713,0.045271523707224925,2.1626279830932615,0.01721953680954075,0.527999997138977,0.06247719971843634,2.1577357769012453,0.015446516472326775,0.5204000115394593,0.06739318049736048,-0.004892206192016602,0.002961042706738856,-0.007599985599517823,0.020195048651918294
SSGD_T1_m12000_K5000,200,1.1021063566207885,0.028220096143012335,2.0926136493682863,0.054332537743028125,2.118387794494629,0.014672596216887036,0.4987000048160553,0.01753454339384339,2.112534761428833,0.015124911470640764,0.4858000040054321,0.03156201102514795,-0.005853033065795899,0.004865434301133628,-0.01290000081062317,0.025739862723566813
SSGD_T1_m12000_K5000,250,1.0938840866088868,0.0380921685858467,2.097737693786621,0.05552995453652299,2.0739269733428953,0.0124137010114351,0.446999990940094,0.02992824071276624,2.0685667037963866,0.013550654744897054,0.4444000065326691,0.02600461908281246,-0.005360269546508789,0.003248050409603018,-0.0025999844074249268,0.010046894022933133
SSGD_T1_m12000_K5000,300,1.0961668968200684,0.01954711818101667,2.093516635894775,0.05573555262105639,2.035641574859619,0.015072388815167313,0.4093000054359436,0.015331658517068941,2.030103063583374,0.017128405415691,0.4117999911308289,0.020672690034861763,-0.005538511276245117,0.0036581892226078675,0.002499985694885254,0.012965345488268842
SSGD_T1_m12000_K5000,350,1.0735206961631776,0.0813397419049241,1.9858248949050903,0.06285510662325627,1.9924643278121947,0.014212412752271659,0.38269999623298645,0.017940450123753088,1.9846140384674071,0.017640964423378393,0.38219999670982363,0.014661519403996093,-0.007850289344787598,0.003731320400319458,-0.0004999995231628418,0.013300379249007479
SSGD_T1_m12000_K5000,400,1.0615135908126831,0.03602282724559918,1.8848498344421387,0.14321587073154818,1.9507095336914062,0.014547123063906587,0.3565999984741211,0.00807093462161108,1.9416972637176513,0.016397391149627957,0.36019999980926515,0.007782031035542614,-0.009012269973754882,0.003352098189249411,0.003600001335144043,0.007357992709639831
SSGD_T1_m12000_K5000,450,1.0348735332489014,0.06921754048449283,1.858780074119568,0.08584923734677571,1.9087626695632935,0.01688586415637701,0.33529999256134035,0.023140010834142362,1.900951361656189,0.018015150056129955,0.3428000032901764,0.023591528962341613,-0.007811307907104492,0.0030656151014383163,0.00750001072883606,0.008769265456220317
SSGD_T1_m12000_K5000,500,1.0353453755378723,0.05491342761674452,1.9640873432159425,0.05855377952683791,1.8739470958709716,0.013811757146310806,0.3128000020980835,0.023168081439704082,1.8653237342834472,0.014036299618739478,0.3253999948501587,0.02089592921206215,-0.008623361587524414,0.003586084208820581,0.012599992752075195,0.008027451566768078
SSGD_T1_m12000_K5000,550,1.0579258680343628,0.05152716738149701,1.9327114582061768,0.11199062678025921,1.8402283191680908,0.011489832340121069,0.3162000060081482,0.012738131365416747,1.828344464302063,0.013430637605953671,0.3184000015258789,0.019703803472250887,-0.011883854866027832,0.003942524626818253,0.002199995517730713,0.008755567351150757
SSGD_T1_m12000_K5000,600,1.0180634617805482,0.0844367022968633,1.8523828983306885,0.13489771667336029,1.8024160623550416,0.011391041494015694,0.31110000014305117,0.016641521914961332,1.7900129079818725,0.01058360445021365,0.31679999828338623,0.011548158861366854,-0.012403154373168945,0.004177699880183099,0.005699998140335083,0.010856333745133484
SSGD_T1_m12000_K5000,650,1.0737637996673584,0.045207481745961446,1.7100557088851929,0.054595286316048736,1.7662305593490601,0.01302855058681785,0.3031000018119812,0.018604847159023098,1.7546435117721557,0.014366564922889177,0.3120000004768372,0.019339078730503403,-0.011587047576904297,0.003870450293913675,0.008899998664855958,0.003992491417250613
SSGD_T1_m12000_K5000,700,1.0476240277290345,0.09007793215099084,1.6872016191482544,0.05912815080329682,1.7326786041259765,0.013706388052614276,0.2875,0.010178405723181242,1.722231125831604,0.014121671440672794,0.2945999979972839,0.011253445430856948,-0.010447478294372559,0.0033565047324415767,0.007099997997283935,0.005083313263826531
SSGD_T1_m12000_K5000,750,1.0121055364608764,0.07226240115859132,1.7039030075073243,0.08722838237311384,1.6989699602127075,0.014677354801354077,0.28170000314712523,0.011138227954028718,1.688110613822937,0.015937935946380235,0.2913999974727631,0.009850883924455824,-0.010859346389770508,0.003031132583720257,0.009699994325637817,0.011111262703369746
SSGD_T1_m12000_K5000,800,1.0245135307312012,0.11686082663573817,1.6559297561645507,0.08676698594231283,1.6697234392166138,0.015211480917935378,0.271399998664856,0.008720093009634545,1.6566059589385986,0.0168662891163577,0.27540000677108767,0.012126003635202871,-0.013117480278015136,0.0030079155238828875,0.0040000081062316895,0.014866060985039231
SSGD_T1_m12000_K5000,850,0.9410702466964722,0.07921957201667505,1.5613397121429444,0.15218447126832196,1.6373003005981446,0.013184450249331072,0.2705000042915344,0.008619749624534481,1.6232989311218262,0.014650343993595973,0.2739999949932098,0.01813284306225797,-0.01400136947631836,0.002504564593384465,0.003499990701675415,0.01305755925167671
SSGD_T1_m12000_K5000,900,0.9663396596908569,0.10605340365545089,1.5492968320846559,0.10580828272705008,1.6069185256958007,0.01531302977721904,0.26710000038146975,0.008777246965697063,1.5930859565734863,0.016729379123879562,0.27019999623298646,0.009064224517909983,-0.013832569122314453,0.002725394748471523,0.003099995851516724,0.010725683987214903
SSGD_T1_m12000_K5000,950,1.0661460995674132,0.10613881352945309,1.5982787370681764,0.08336435476781162,1.582687783241272,0.01438590742967405,0.2668000042438507,0.011043549595966836,1.5696810960769654,0.016203556967438193,0.2755999982357025,0.007391889846029669,-0.01300668716430664,0.00282162770113434,0.008799993991851806,0.01166019298513977
SSGD_T1_m12000_K5000,1000,0.9138590693473816,0.13410563637994055,1.6139529466629028,0.12549021482016218,1.5571436643600465,0.012203180847981391,0.25889999568462374,0.01106977311332886,1.5443720817565918,0.013923399227198648,0.26620000004768374,0.014455449066209242,-0.01277158260345459,0.003574834265999247,0.0073000043630599976,0.009719050702173403
SSGD_T1_m12000_K5000,1050,1.0389229893684386,0.06840758318764739,1.51814124584198,0.06521304251118235,1.5361478090286256,0.011413785605950104,0.26140000224113463,0.014554728178909446,1.5210078001022338,0.011279998374434774,0.26679999828338624,0.015065192050565383,-0.015140008926391602,0.002630329029428953,0.005399996042251587,0.011740527013553237
SSGD_T1_m12000_K5000,1100,1.0095293998718262,0.14382004267492055,1.5054999589920044,0.13456448502884222,1.518475079536438,0.007310474204736617,0.25589999556541443,0.010974518677190502,1.5027817726135253,0.010278048019483612,0.25439999997615814,0.01187602579645673,-0.015693306922912598,0.003963242527051095,-0.0014999955892562866,0.008185346604138012
SSGD_T1_m12000_K5000,1150,0.993104898929596,0.1484482829399588,1.509856390953064,0.1729857920194518,1.4934209346771241,0.009721555417523337,0.25509999692440033,0.0077485473000431975,1.4777284383773803,0.01301386462002642,0.25679999887943267,0.00962081540484872,-0.015692496299743654,0.004737444365273904,0.0017000019550323486,0.008170680744150628
SSGD_T1_m12000_K5000,1200,0.9665924668312073,0.1155029662253645,1.5536548376083374,0.1218606133731151,1.466356062889099,0.008329303660245372,0.24729999601840974,0.009537294418099355,1.4539415836334229,0.011571101829163944,0.25479999780654905,0.010400001933942646,-0.01241447925567627,0.004367034354902608,0.007500001788139343,0.007348472359259396
SSGD_T1_m12000_K5000,1250,0.8609699964523315,0.10538147489827543,1.3794495344161988,0.17539286608477553,1.4467612504959106,0.011187475048319928,0.23859999775886537,0.006598481245211834,1.4331171751022338,0.012320802300444121,0.24560000002384186,0.0017435566155783494,-0.013644075393676758,0.002876110594539033,0.007000002264976502,0.006610594043185165
SSGD_T1_m12000_K5000,1300,1.0608455181121825,0.2008484624143718,1.615893268585205,0.13173631394225394,1.4313729047775268,0.014132173616249251,0.24719999432563783,0.00909174949376502,1.4170680046081543,0.016239997948162867,0.24619999825954436,0.007984982535883539,-0.014304900169372558,0.0027586426132891633,-0.000999996066093445,0.003271077954009286
SSGD_T1_m12000_K5000,1350,1.0717290878295898,0.08432108088502138,1.4778611183166503,0.11031606338472447,1.417306113243103,0.008922776865446277,0.2395000010728836,0.002626787594260046,1.4025341272354126,0.011961200344229584,0.24699999988079072,0.005329169126884719,-0.014771986007690429,0.003120485463595934,0.007499998807907105,0.003701353774622886
SSGD_T1_m12000_K5000,1400,1.0119317889213562,0.05075927099126399,1.4994141578674316,0.13222603143125816,1.4006138563156127,0.008212760087539758,0.23749999701976776,0.007449828108463985,1.384372925758362,0.009608631207477554,0.23779999911785127,0.00951629904077686,-0.016240930557250975,0.0020562785552564466,0.0003000020980834961,0.008524080210090544
SSGD_T1_m12000_K5000,1450,0.7631594777107239,0.156702049385508,1.333751344680786,0.17403451235855116,1.3849824666976929,0.0056207143024056185,0.23449999690055848,0.0033615456527918315,1.3686564207077025,0.007446865694652772,0.23560000360012054,0.007838365724196647,-0.016326045989990233,0.002015074376870038,0.0011000066995620727,0.007398648252617501
SSGD_T1_m12000_K5000,1500,0.8297077178955078,0.12181216626767025,1.2205819368362427,0.17730397815891744,1.3695151090621949,0.008272583132176254,0.23100000023841857,0.0053758723837375386,1.3543747186660766,0.010145468813677887,0.23619999885559081,0.010419212742023034,-0.015140390396118164,0.003987979443488257,0.005199998617172241,0.006217715706621636
SSGD_T1_m12000_K5000,1550,0.9215516805648803,0.03493377384303261,1.2978240728378296,0.1605451601026348,1.3594933986663817,0.008432852799377165,0.2352999985218048,0.004686152879042062,1.3419809103012086,0.011603217531265532,0.23799999952316284,0.0057271327464723494,-0.01751248836517334,0.0047220575000232815,0.0027000010013580322,0.009108243825049767
SSGD_T1_m12000_K5000,1600,0.8628310084342956,0.1838086578747383,1.4277765274047851,0.08596575725294016,1.3455898761749268,0.007053487821958273,0.22990000247955322,0.003455429490221981,1.3285322904586792,0.009936853658861116,0.2305999994277954,0.007889234500249458,-0.017057585716247558,0.0035378176112408496,0.0006999969482421875,0.006469931491082912
SSGD_T1_m12000_K5000,1650,0.9162739038467407,0.15543689346594827,1.3634677410125733,0.07299350801682426,1.335895037651062,0.007828053557600606,0.2218999981880188,0.004726520787583917,1.3203518390655518,0.008782045919909037,0.22499999701976775,0.009736532052525827,-0.015543198585510254,0.0025413115309186308,0.0030999988317489623,0.007492668318453126
SSGD_T1_m12000_K5000,1700,0.844280731678009,0.09100380780176938,1.200574016571045,0.13229445342618684,1.3229208707809448,0.009695189470492579,0.2192999988794327,0.0034146729317717237,1.306648063659668,0.01219255961072077,0.22019999623298644,0.006305551802186788,-0.016272807121276857,0.002899561141543739,0.000899997353553772,0.007920857321477013
SSGD_T1_m12000_K5000,1750,0.8771324872970581,0.132969291245375,1.2539517164230347,0.07147534270828464,1.309398078918457,0.007118869688791057,0.2229999989271164,0.007529941448324297,1.295938777923584,0.008785742936509956,0.2262000024318695,0.0029257481963058047,-0.013459300994873047,0.0023725833024939883,0.003200003504753113,0.007352553196639646
SSGD_T1_m12000_K5000,1800,0.7871208190917969,0.062497704839394624,1.2493069648742676,0.09955458637127348,1.3030025959014893,0.005404078769387526,0.21790000200271606,0.002634389919363684,1.2878912925720214,0.006404901853379843,0.21599999964237213,0.00547722960149167,-0.015111303329467774,0.0011309715565032594,-0.001900002360343933,0.004282522740212101
SSGD_T1_m12000_K5000,1850,0.862756609916687,0.14147886824204026,1.2969524383544921,0.14253407466630008,1.2907274961471558,0.007240139684673756,0.21930000185966492,0.003982460491300646,1.2767220735549927,0.008877510358873561,0.21720000207424164,0.005912695262500711,-0.014005422592163086,0.002848744896728539,-0.002099999785423279,0.00751930445484517
SSGD_T1_m12000_K5000,1900,0.9940814137458801,0.08166331485206176,1.3655807495117187,0.1604296291280101,1.2833948850631713,0.006482696661222986,0.21599999964237213,0.006899274187337472,1.2685206890106202,0.00849778765723652,0.21759999990463258,0.010131138523625672,-0.01487419605255127,0.0027134918797442975,0.001600000262260437,0.007761441845114137
SSGD_T1_m12000_K5000,1950,0.949228823184967,0.11482143717482084,1.1363717913627625,0.11758002440381214,1.2748844623565674,0.006009009440508414,0.21980000138282776,0.009058696984891654,1.259493112564087,0.005827718050918435,0.22100000083446503,0.009528901755806195,-0.015391349792480469,0.0027684927139659692,0.0011999994516372682,0.008640600785400599
SSGD_T1_m12000_K5000,2000,0.8918461441993714,0.07612380278112435,1.2329450130462647,0.12152248803366697,1.2704885959625245,0.006081555549977759,0.21699999868869782,0.008006247965494722,1.253117561340332,0.006859143527196719,0.22139999866485596,0.004409079927756121,-0.01737103462219238,0.0016823395086657679,0.004399999976158142,0.003992495970633224
SSGD_T1_m12000_K5000,2050,0.8519660353660583,0.14127960166112832,1.285310411453247,0.15786511112745003,1.264864945411682,0.00898933329685662,0.2190999984741211,0.007351189142166767,1.2468176364898682,0.009871370464156842,0.2197999984025955,0.007984986417469924,-0.018047308921813963,0.003684262285238027,0.0006999999284744262,0.004308130960797253
SSGD_T1_m12000_K5000,2100,0.8564931750297546,0.15878972866392196,1.3865920066833497,0.2303257020937751,1.259810781478882,0.008070230665522178,0.22199999988079072,0.0082643792206942,1.2430952310562133,0.010663932992598662,0.22259999811649323,0.015213148400085839,-0.01671555042266846,0.004469864393994237,0.0005999982357025146,0.01313544593690904
SSGD_T1_m12000_K5000,2150,1.07954580783844,0.13248042203481913,1.247107982635498,0.1079125534773631,1.252787971496582,0.00937535574537719,0.20830000340938568,0.009036594892953003,1.2364023447036743,0.010182711941014121,0.20760000348091126,0.005462601909080206,-0.016385626792907716,0.003123122444628975,-0.0006999999284744262,0.0076065758847696325
SSGD_T1_m12000_K5000,2200,0.9787686705589295,0.1998364891971701,1.2539119958877563,0.17445463047384033,1.2466566801071166,0.009745711212749752,0.21219999790191652,0.006889120247474355,1.230466866493225,0.00963606192915913,0.20740000009536744,0.009457269882097915,-0.0161898136138916,0.0008289038841599941,-0.004799997806549073,0.003854865356352018
SSGD_T1_m12000_K5000,2250,0.8177154779434204,0.11814490195419973,1.186452603340149,0.04372034772652998,1.2390121936798095,0.004328917723134555,0.21399999856948854,0.005958189964793635,1.222890281677246,0.004378501856038889,0.20759999752044678,0.005748039861865025,-0.016121912002563476,0.0012395543087129726,-0.006400001049041748,0.0043749272869113755
SSGD_T1_m12000_K5000,2300,0.7344702959060669,0.10609424776314519,1.0957192540168763,0.14757035201238675,1.2312259435653687,0.005559317032617919,0.2169000029563904,0.0072346383599284836,1.215906572341919,0.008226083849442036,0.21559999883174896,0.007002855941731857,-0.015319371223449707,0.0033807135592782297,-0.0013000041246414185,0.010509995019405784
SSGD_T1_m12000_K5000,2350,0.8153645873069764,0.14160899911239028,1.1757157444953918,0.1758612333115611,1.2259687423706054,0.007569323143274037,0.20920000076293946,0.003867814436216639,1.2097081184387206,0.00807044802434804,0.21159999966621398,0.003720211691936805,-0.016260623931884766,0.0016260719848568727,0.0023999989032745363,0.0042237420150507965
SSGD_T1_m12000_K5000,2400,0.9072189211845398,0.0839980469751204,1.2159675359725952,0.13074020950160148,1.2235576868057252,0.0032495424215183704,0.2094999998807907,0.002469819795625284,1.206928586959839,0.00444472715197381,0.20320000052452086,0.007652451141211913,-0.01662909984588623,0.0018675444211901928,-0.006299999356269836,0.006742402475053034
SSGD_T1_m12000_K5000,2450,0.9172823429107666,0.18464607157952223,1.2848093032836914,0.10859085222720878,1.2171001195907594,0.004502765701235649,0.20949999690055848,0.003974921190933608,1.200517177581787,0.00580119048560479,0.20619999766349792,0.0054918130144118,-0.016582942008972167,0.0023186205903178297,-0.003299999237060547,0.0057410820689266
SSGD_T1_m12000_K5000,2500,0.9629014253616333,0.08291831310063551,1.1349933743476868,0.18433536999388725,1.2168747425079345,0.00452839728068132,0.21139999926090242,0.0083150466436868,1.199543261528015,0.0052515412270291075,0.20419999957084656,0.007138630847902929,-0.017331480979919434,0.0018960990361661916,-0.007199999690055847,0.00713162352831976
SSGD_T1_m12000_K5000,2550,0.8841490149497986,0.09844256797059688,1.1823867559432983,0.045041523412442476,1.2126393556594848,0.0062079592802606965,0.20670000314712525,0.0055009076487944775,1.1946811914443969,0.007211916256650252,0.2013999968767166,0.006499232522699142,-0.01795816421508789,0.00249707585286629,-0.005300006270408631,0.007311636827503512
SSGD_T1_m12000_K5000,2600,0.8847350835800171,0.11636537897121807,1.1028566360473633,0.16681026089879444,1.2065090179443358,0.008609287964736995,0.20609999895095826,0.006011655036336511,1.1880715370178223,0.007593372961347761,0.20539999902248382,0.007172170084283744,-0.01843748092651367,0.0026707706700797654,-0.0006999999284744262,0.009352005952473343
SSGD_T1_m12000_K5000,2650,0.9337344646453858,0.16439612237614398,1.2344228029251099,0.2015458974376963,1.204286026954651,0.002699338712119475,0.20799999833106994,0.007867654392969723,1.1861943006515503,0.005596064338573604,0.19980000257492064,0.005153640682404026,-0.018091726303100585,0.003076194586067162,-0.008199995756149292,0.007903163686880725
SSGD_T1_m12000_K5000,2700,0.8844510436058044,0.1461592850106138,1.1509864568710326,0.04571658274401356,1.1978268146514892,0.0035304460057000485,0.20810000002384185,0.006468383661485248,1.1820008516311646,0.004289925813794121,0.20900000035762786,0.00927361961385224,-0.015825963020324706,0.0023384325477392547,0.0009000003337860107,0.006560486181898609
SSGD_T1_m12000_K5000,2750,0.8675226688385009,0.11412364741201796,1.2423859596252442,0.20554008454972475,1.1949858903884887,0.00727390983822127,0.206700000166893,0.002541650651875749,1.180478858947754,0.005241761340794555,0.20339999794960023,0.005238319920021172,-0.014507031440734864,0.0029921696265402488,-0.0033000022172927856,0.006407804537967806
SSGD_T1_m12000_K5000,2800,0.8713178992271423,0.1389675155229336,1.2145368814468385,0.07352095360574026,1.191303277015686,0.004035080020293493,0.20920000076293946,0.0028390090643485963,1.1769350290298461,0.0035975133447243334,0.20340000092983246,0.0059866521031891546,-0.014368247985839844,0.001935813053869678,-0.005799999833106995,0.0073389359633637226
SSGD_T1_m12000_K5000,2850,0.8480024456977844,0.15002648067841845,1.1004344820976257,0.10735539005000787,1.1895065546035766,0.006830124867007532,0.2108999967575073,0.004903058838748943,1.1763089895248413,0.007646994110216092,0.20580000281333924,0.007054080230836476,-0.013197565078735351,0.0027681770764991934,-0.005099993944168091,0.010622618090054249
SSGD_T1_m12000_K5000,2900,0.8487452983856201,0.12737071115009804,1.0894370317459106,0.08394946392318887,1.1836435794830322,0.008098051379271592,0.2053000032901764,0.004935584990066312,1.1693414211273194,0.007981943886011728,0.20479999780654906,0.006013321321187792,-0.01430215835571289,0.002850943117549093,-0.0005000054836273194,0.0035213671232657215
SSGD_T1_m12000_K5000,2950,0.8674901604652405,0.18033337091920876,1.2337133407592773,0.11682521332381911,1.1764275550842285,0.006373936446255139,0.2031000018119812,0.0033226473092652364,1.1609113454818725,0.00609502629560317,0.2022000014781952,0.003762978359243303,-0.015516209602355956,0.0019728601981443086,-0.0009000003337860107,0.005936327407695931
SSGD_T1_m12000_K5000,3000,0.8802347183227539,0.12080173734031167,1.154937195777893,0.08779471086544198,1.1801085233688355,0.004965403282339008,0.20559999942779542,0.005247855414649989,1.1632028102874756,0.004385202074385698,0.20000000298023224,0.004857984990458949,-0.016905713081359863,0.002792082601983869,-0.005599996447563172,0.0038910136029561924
SSGD_T1_m12000_K5000,3050,0.8883647561073303,0.10027411748406663,1.1133836150169372,0.184201954851756,1.174550199508667,0.005450095473973605,0.20550000071525573,0.004505553985157474,1.1577058792114259,0.006687820755744652,0.2007999986410141,0.006305554354421457,-0.01684432029724121,0.0026916292879553684,-0.004700002074241638,0.005608918751303567
SSGD_T1_m12000_K5000,3100,0.6787382006645203,0.14762912670211065,1.3313772201538085,0.15061664519986806,1.1713183641433715,0.006493310065857783,0.20579999983310698,0.0053907321036955206,1.1552037239074706,0.005012309349472645,0.19979999959468842,0.008133879319285544,-0.016114640235900878,0.002696103869435207,-0.006000000238418579,0.006519199388038716
SSGD_T1_m12000_K5000,3150,0.9858853816986084,0.18072060151993535,1.3072931885719299,0.20294121678961724,1.1688072204589843,0.007022995756414094,0.206400004029274,0.0046733269528219405,1.1550093173980713,0.0068675909367824734,0.20119999945163727,0.006462199058388053,-0.013797903060913086,0.0026064293849883662,-0.005200004577636719,0.007909489081384679
SSGD_T1_m12000_K5000,3200,0.8973674774169922,0.14261974514629835,1.2038931965827941,0.24116914440762346,1.1706942796707154,0.0031293851535319902,0.2068000018596649,0.0047074371633945445,1.1542420864105225,0.004037074487688543,0.20499999821186066,0.005366565136315641,-0.01645219326019287,0.0012256169487950778,-0.0018000036478042602,0.005946424514301955
SSGD_T1_m12000_K5000,3250,0.8535717248916626,0.10558040376186101,1.2609554529190063,0.15490299258493645,1.1680157661437989,0.006502805197133408,0.20330000519752503,0.0035298722426935834,1.1506261110305787,0.00550002730036088,0.19820000231266022,0.006368672105577927,-0.017389655113220215,0.0011430895070875366,-0.0051000028848648075,0.005526299817392848
SSGD_T1_m12000_K5000,3300,0.8667313814163208,0.21350650674365024,1.210410737991333,0.13933675514431026,1.1673409700393678,0.004860843581051099,0.20259999930858613,0.004091452457328667,1.1503260850906372,0.0050706385513514226,0.1962000012397766,0.006881859696046908,-0.01701488494873047,0.0025484414855917415,-0.006399998068809509,0.007703246204903769
SSGD_T1_m12000_K5000,3350,0.9809929251670837,0.22160592529551287,1.2901000022888183,0.23175833790224443,1.1631007671356202,0.0050599625868556755,0.2080000013113022,0.006236984517542633,1.1462447881698608,0.004811673667130569,0.20180000066757203,0.0011661866090607834,-0.01685597896575928,0.0031327063263656644,-0.006200000643730164,0.006454453576050483
SSGD_T1_m12000_K5000,3400,0.8057315111160278,0.08454214467507908,1.1337727308273315,0.1807344572043336,1.165655779838562,0.006736757104471525,0.20760000348091126,0.0032155903109094223,1.1494743347167968,0.005595925622934056,0.20400000214576722,0.004289523863168829,-0.016181445121765135,0.0029614968886177563,-0.003600001335144043,0.004164134703510653
SSGD_T1_m12000_K5000,3450,0.8149977564811707,0.1264570784694177,1.1490535020828248,0.09992256525180368,1.15711567401886,0.005745446176992208,0.20740000009536744,0.0042473501286345895,1.1405449628829956,0.005653136647396178,0.19519999623298645,0.0017204629969126341,-0.01657071113586426,0.0022228098565249084,-0.012200003862380982,0.003944615059120412
SSGD_T1_m12000_K5000,3500,0.9473548412322998,0.1952874393713063,1.2967590808868408,0.16088891766731447,1.156630849838257,0.00499536294784531,0.20489999949932097,0.004576022872811411,1.140602421760559,0.006813415798606655,0.19919999837875366,0.004534317024645281,-0.016028428077697755,0.0037508826266030473,-0.005700001120567321,0.005904236729122497
SSGD_T1_m12000_K5000,3550,0.9574537754058838,0.2195310705785949,1.0441482305526733,0.128931330330659,1.1537120580673217,0.006100787428209296,0.20430000126361847,0.0026944345547084544,1.1380030632019043,0.008478581570138878,0.19940000176429748,0.007364779794564828,-0.01570899486541748,0.003202841998404491,-0.004899999499320984,0.006224147601923372
SSGD_T1_m12000_K5000,3600,0.8909148216247559,0.11781423660761754,0.9534842371940613,0.08285631951212577,1.1515023946762084,0.009872845670847565,0.20330000221729277,0.009362694342549193,1.1364278078079224,0.008370540877417289,0.20139999985694884,0.009178233852657494,-0.015074586868286133,0.0021240507735150087,-0.001900002360343933,0.0039673716949751425
SSGD_T1_m12000_K5000,3650,0.8259557962417603,0.1355724904206767,1.0931501984596252,0.1458022284308867,1.1479688167572022,0.005585517390179701,0.20390000343322753,0.005877074095476378,1.1330769777297973,0.005246490782742623,0.19960000216960908,0.0032618996736558424,-0.014891839027404786,0.0011060087308210217,-0.004300001263618469,0.0060712471626128365
SSGD_T1_m12000_K5000,3700,0.8760602831840515,0.12228748165554923,1.1081858992576599,0.14772371223549943,1.1457590341567994,0.0025865020711540155,0.20539999902248382,0.005435074634497505,1.1284494876861573,0.00307356647313859,0.19999999701976776,0.0050596474416905145,-0.01730954647064209,0.0017665660842221514,-0.0054000020027160645,0.006143291138039627
SSGD_T1_m12000_K5000,3750,0.7285702228546143,0.09938777672659244,1.0862334489822387,0.20347253862730327,1.1474988460540771,0.005408041515458339,0.20460000038146972,0.003337664277969017,1.129825806617737,0.004588747769524452,0.19639999866485597,0.0038781406792670636,-0.017673039436340333,0.0017017788279554697,-0.00820000171661377,0.004654024894607174
SSGD_T1_m12000_K5000,3800,0.7522831439971924,0.12538788181708735,0.9975084662437439,0.15847862741433807,1.1419360637664795,0.007910338641027812,0.20500000119209288,0.00246982039895453,1.1260067462921142,0.005537706115489603,0.19739999771118164,0.0053141338986302696,-0.015929317474365233,0.0036347202030565435,-0.0076000034809112545,0.006718635290899461
SSGD_T1_m12000_K5000,3850,0.8242007613182067,0.11754949236978429,1.1605839490890504,0.16684476379294522,1.137018656730652,0.006263508264498095,0.20349999964237214,0.0051575211455115585,1.1203218936920165,0.005928030330752508,0.1972000002861023,0.003919180732918514,-0.016696763038635255,0.0012414074785336386,-0.006299999356269836,0.0019390775632408604
SSGD_T1_m12000_K5000,3900,0.8631075024604797,0.18788647612470574,1.1267641067504883,0.18016079761108217,1.1380320072174073,0.004440100756728006,0.20489999949932097,0.005616051482669726,1.1199105739593507,0.003602093859512388,0.19339999854564666,0.0037202160178309075,-0.01812143325805664,0.001706371440596215,-0.011500000953674316,0.006363962220158096
SSGD_T1_m12000_K5000,3950,0.8536858916282654,0.101468023005636,1.047532820701599,0.144425510368549,1.1402185440063477,0.001228892309122283,0.20520000159740448,0.004456457866727881,1.124315118789673,0.0026645974233850335,0.20099999904632568,0.0020976148434348704,-0.015903425216674805,0.002686108663675962,-0.004200002551078797,0.005221111813016521
SSGD_T1_m12000_K5000,4000,0.8180894374847412,0.1598769570747832,1.1959450960159301,0.09034546550471421,1.1414012908935547,0.0045346835959151465,0.20410000085830687,0.00251793378189867,1.1250267028808594,0.003725566425008152,0.20199999809265137,0.0050596474416905145,-0.016374588012695312,0.0009584871205900593,-0.0021000027656555174,0.005132250800440884
SSGD_T1_m12000_K5000,4050,0.9302123188972473,0.09067837736623642,1.1901687860488892,0.10459578640199034,1.1410945415496827,0.005704100142288225,0.20929999947547911,0.003668787389693242,1.1244968891143798,0.005075025635307913,0.19980000257492064,0.006144919836486365,-0.016597652435302736,0.0013757249490116137,-0.009499996900558472,0.006804412955388363
SSGD_T1_m12000_K5000,4100,0.855244493484497,0.1021956066373215,1.0465593218803406,0.15171600693787402,1.1406539678573608,0.004440339177709143,0.20960000157356262,0.0038910160539221096,1.1261160135269166,0.006177339996493462,0.20539999902248382,0.002939384523119796,-0.014537954330444336,0.002477694070494468,-0.004200002551078797,0.002874023145503949
SSGD_T1_m12000_K5000,4150,0.8319249153137207,0.12233756984143056,1.251336145401001,0.08497640466045485,1.1358580827713012,0.007755282661389982,0.20509999990463257,0.0021071338893103642,1.1203692436218262,0.007495929870352452,0.19780000150203705,0.003655135239423775,-0.015488839149475098,0.0017117993695943306,-0.00729999840259552,0.0045782122856932415
SSGD_T1_m12000_K5000,4200,1.0546709299087524,0.11568605663153733,1.1404626965522766,0.18120118930758344,1.1320983648300171,0.00703470480918069,0.20430000126361847,0.003108053448344358,1.116861343383789,0.00701843665278143,0.19400000274181367,0.0035213645842751117,-0.015237021446228027,0.0026453048532290324,-0.010299998521804809,0.002541654638566661
SSGD_T1_m12000_K5000,4250,0.8953750133514404,0.18919594570783824,1.1901052474975586,0.18969644256372178,1.132352352142334,0.004223967098720605,0.2094999998807907,0.005049751194407636,1.1161044359207153,0.004141283926921819,0.19600000083446503,0.004857986217399348,-0.01624791622161865,0.0013259929277889297,-0.013499999046325683,0.008712062012489662
SSGD_T1_m12000_K5000,4300,0.9506453514099121,0.15954146353864165,1.2847265958786012,0.10096745977958557,1.1394307136535644,0.007865990974869931,0.20920000076293946,0.005706139679812807,1.1241577863693237,0.005278052190464884,0.20320000052452086,0.0046647643249136655,-0.015272927284240723,0.004552521479281205,-0.006000000238418579,0.004878526312129468
SSGD_T1_m12000_K5000,4350,0.8631064653396606,0.08079425976257688,1.1140849590301514,0.19813843582165325,1.1362966537475585,0.007004581264238091,0.2104999989271164,0.0031464262906684077,1.119900894165039,0.007216681469104946,0.2037999987602234,0.0019390715691877352,-0.016395759582519532,0.002789745662716744,-0.006700000166893006,0.0034146753755384795
SSGD_T1_m12000_K5000,4400,0.8675775170326233,0.12663955127444876,1.0978274941444397,0.24826590761819275,1.1307734489440917,0.008355565345376799,0.21009999811649321,0.003322650538264569,1.1142045974731445,0.007363437048468419,0.199399995803833,0.006280125308336868,-0.016568851470947266,0.0027337531511061825,-0.010700002312660217,0.007440428270530656
SSGD_T1_m12000_K5000,4450,0.9431498169898986,0.09882975078191993,1.114969539642334,0.054238380356927796,1.1284598350524901,0.005301115553487217,0.2095999985933304,0.004317403505592364,1.1114809274673463,0.007238856133444447,0.19799999594688417,0.0030983881466989053,-0.016978907585144042,0.0035193210060455514,-0.011600002646446228,0.0016248058379251362
SSGD_T1_m12000_K5000,4500,0.9772263646125794,0.2092925230508361,1.1369851350784301,0.22093053415993247,1.1227242708206178,0.005554078105273961,0.20400000214576722,0.00357770935043307,1.1081030368804932,0.0039055570811131323,0.194200000166893,0.003867817133038916,-0.014621233940124512,0.0020018256617815337,-0.009800001978874207,0.003187477087800968
SSGD_T1_m12000_K5000,4550,0.765101146697998,0.1747696679488799,0.9710259914398194,0.12252492295587863,1.1235225677490235,0.00663653030531106,0.20789999961853028,0.001984939989776823,1.10795738697052,0.009347414462405619,0.19599999785423278,0.004604344748022504,-0.015565180778503418,0.003568379139403871,-0.011900001764297485,0.0052668744433597495
SSGD_T1_m12000_K5000,4600,0.9747773170471191,0.11177282973749647,1.096321988105774,0.21434146732533033,1.1248875379562377,0.004933804061870616,0.20970000326633453,0.003355592752816882,1.1100025415420531,0.005659149112061119,0.19520000219345093,0.005192301266963955,-0.01488499641418457,0.003236465018367005,-0.014500001072883606,0.008006247965494722
SSGD_T1_m12000_K5000,4650,0.8803248047828675,0.20521119343481875,1.1947303771972657,0.1375241394747517,1.1269717454910277,0.004336906130516732,0.21059999763965606,0.004079213211035017,1.1100115060806275,0.004508299425913091,0.1992000013589859,0.003919182405845969,-0.01696023941040039,0.002136266081430131,-0.011399996280670167,0.005462598690216495
SSGD_T1_m12000_K5000,4700,0.9176633715629577,0.23410042206924755,1.2679697394371032,0.2035023724942299,1.121325635910034,0.004792073810260775,0.21119999885559082,0.007533922646549302,1.1057033777236938,0.003870471490165636,0.19479999840259551,0.003544009820474268,-0.015622258186340332,0.0019400431800546843,-0.0164000004529953,0.00553533978187027
SSGD_T1_m12000_K5000,4750,0.8625256657600403,0.07483880908301897,1.2331085801124573,0.1814521895888109,1.1196032524108888,0.0022944363838920357,0.20990000069141387,0.005544368339556688,1.103765845298767,0.0029345432520075216,0.2,0.004049695137703997,-0.01583740711212158,0.0013434291642784465,-0.00990000069141388,0.005774080927494012
SSGD_T1_m12000_K5000,4800,0.7299789547920227,0.10281740913021835,1.087055540084839,0.22503074112777835,1.1192195177078248,0.0057337013877131375,0.21250000298023225,0.004086564337239211,1.103260350227356,0.005951027662346816,0.19680000245571136,0.002712930240878092,-0.01595916748046875,0.000806402319500638,-0.015700000524520873,0.00569736842677683
SSGD_T1_m12000_K5000,4850,0.8585232615470886,0.15089168896705535,1.0767774820327758,0.10568986356748915,1.1232185125350953,0.009088788379455414,0.21110000014305114,0.0033674897110109307,1.1083582878112792,0.011032712485422121,0.19959999918937682,0.009769342386219881,-0.014860224723815919,0.0022354934624559983,-0.011500000953674316,0.010134099182460655
SSGD_T1_m12000_K5000,4900,0.8888838768005372,0.10403659829968173,1.1461785912513733,0.27219970677343786,1.1229580879211425,0.0030903292978039384,0.20909999907016755,0.0030232449823648197,1.1083693027496337,0.003335230116993138,0.20180000066757203,0.0044452248605918575,-0.01458878517150879,0.0012070502494164583,-0.00729999840259552,0.004007496566964283
SSGD_T1_m12000_K5000,4950,0.873344361782074,0.0864204434965117,1.0616400122642518,0.1506091965419365,1.1185220003128051,0.005176711069666091,0.2108999967575073,0.002745904336535962,1.1038898944854736,0.004687837822786637,0.20019999742507935,0.009431864971843994,-0.014632105827331543,0.001972628018125755,-0.01069999933242798,0.008078374611048234
SSGD_T1_m12000_K5000,4999,0.9117109656333924,0.21976690327755352,1.2753249883651734,0.10153963363563827,1.1143986940383912,0.005728365176054298,0.20910000205039977,0.003056137702301594,1.0990349292755126,0.005166511183756321,0.2,0.002280350243789986,-0.015363764762878419,0.0008603694280435383,-0.009100002050399781,0.0028177965408290213
